epoch,train_mse,val_mse
1,0.06365111183422566,0.03976091742515564
2,0.03163676529314547,0.025766514241695404
3,0.021480197105090453,0.018468385562300682
4,0.015820160905716446,0.014241794124245644
5,0.012348145849799895,0.011427892372012138
6,0.009880212088331064,0.00928568746894598
7,0.008050274839612492,0.0077352579683065414
8,0.006686696095239137,0.006472236942499876
9,0.005670392142954787,0.005607032682746649
10,0.004937119488504158,0.004953339695930481
11,0.0043744586843328095,0.004452862311154604
12,0.003945970363554217,0.004056442528963089
13,0.0035885439434922744,0.0037666698917746544
14,0.003305180128283396,0.0034656887874007225
15,0.003065851680647302,0.003220226615667343
16,0.0028588115104724032,0.003047865116968751
17,0.0026809024869729786,0.0028783674351871014
18,0.0025385345771808962,0.0027224065270274878
19,0.0024098995732504272,0.0026334209833294153
20,0.0022843833613959146,0.002484419383108616
21,0.0021735824868909207,0.0023960822727531195
22,0.002079517688302812,0.0022965429816395044
23,0.0019956787887406052,0.0022208867594599724
24,0.0019197836455504165,0.0021350679453462362
25,0.0018451465917407623,0.002072955248877406
26,0.0017808795648618393,0.0020021151285618544
27,0.0017223485971878285,0.0019464086508378386
28,0.0016662259093703777,0.0018954239785671234
29,0.001614652185643163,0.0018460368737578392
30,0.0015691547911429306,0.001809818553738296
31,0.001524428215230004,0.0017526809824630618
32,0.0014822809623519992,0.001713969511911273
33,0.0014442724128510209,0.0016742640873417258
34,0.0014084953575370098,0.0016454707365483046
35,0.0013739540197894298,0.0016095179598778486
36,0.0013430476497464474,0.0015786089934408665
37,0.0013120337578169036,0.0015484070172533393
38,0.0012822778963495732,0.0015180126065388322
39,0.0012561942643040547,0.001492711715400219
40,0.0012313956414935492,0.0014684239868074656
41,0.0012057667867872385,0.0014441260136663914
42,0.0011811519341566221,0.0014241437893360853
43,0.0011599917072135273,0.001395612140186131
44,0.0011385756955520105,0.001380124711431563
45,0.0011189017767355757,0.0013561149826273322
46,0.0010989347143122434,0.0013410813407972455
47,0.0010818398193172788,0.0013154970947653055
48,0.001062874579789885,0.0013077313778921962
49,0.0010465968384697451,0.001285630976781249
50,0.001030378785478438,0.001269000698812306
51,0.0010161796485130717,0.001254744827747345
52,0.001000373686240887,0.0012378976680338383
53,0.0009883048933643159,0.001227691420353949
54,0.0009735181054693872,0.001208368455991149
55,0.0009580813806387852,0.0011948617175221443
56,0.0009471808668172014,0.0011859015794470906
57,0.0009369330850340259,0.0011770345736294985
58,0.0009234345439624338,0.0011580127757042646
59,0.0009140498947935423,0.0011528923641890287
60,0.0009034948579287652,0.0011425651609897614
61,0.0008955467065076803,0.0011337404139339924
62,0.0008847837553854064,0.0011230279924347997
63,0.0008752589378488358,0.0011210121447220445
64,0.0008673309786065261,0.0011050672037526965
65,0.0008564655517340835,0.001095662242732942
66,0.0008484909088280482,0.001085804309695959
67,0.0008417507022808211,0.0010821068426594138
68,0.0008337784081216465,0.00107378582470119
69,0.0008266129008707823,0.001063232310116291
70,0.000818495449817015,0.0010592598700895905
71,0.0008137726785971337,0.0010536151239648461
72,0.0008068572336253226,0.0010446273954585195
73,0.000800246591666459,0.0010390891693532467
74,0.0007977423598833601,0.0010338814463466406
75,0.0007880804215962387,0.0010251457570120692
76,0.0007817403282317814,0.0010221748379990458
77,0.0007782169945945421,0.0010182547848671675
78,0.0007767075859613513,0.0010182354599237442
79,0.0007713177329271649,0.0010130521841347218
80,0.0007651180733900417,0.001005019759759307
81,0.0007585034588720776,0.0010000112233683467
82,0.0007539050486341665,0.0009970725513994694
83,0.0007500370288053817,0.0009904716862365603
84,0.0007456122348925568,0.0009897000854834914
85,0.0007454038587060164,0.0009881298756226897
86,0.0007401930679588426,0.0009823418222367764
87,0.0007346621274485527,0.000978468800894916
88,0.0007318079130113416,0.0009753315825946629
89,0.0007299252201773989,0.000973016198258847
90,0.0007267355819954261,0.0009720794041641057
91,0.0007226108425109924,0.0009688937570899725
92,0.0007179156888655084,0.0009612568537704647
93,0.0007156907220350208,0.0009610950364731252
94,0.0007124410406901098,0.0009608441032469273
95,0.0007118995472035,0.0009565849904902279
96,0.0007098099404351265,0.0009654859313741326
97,0.0007078713295285148,0.0009546164656057954
